id,effects,finalMutation,extra
C-001,"[{""op"": ""DealDamage"", ""target"": ""Enemy"", ""amount"": 6}]","{""outcomeWeights"": {""brick"": 0.5, ""rewrite"": 0.5}, ""brickBehavior"": ""Exhaust"", ""rewritePoolDefIds"": []}",
C-002,"[{""op"": ""RawText"", ""text"": ""Gain 6 Firewall.""}]","{""outcomeWeights"": {""brick"": 0.5, ""rewrite"": 0.5}, ""brickBehavior"": ""Exhaust"", ""rewritePoolDefIds"": []}",
C-003,"[{""op"": ""RawText"", ""text"": ""Heal 5 HP.""}]","{""outcomeWeights"": {""brick"": 0.5, ""rewrite"": 0.5}, ""brickBehavior"": ""Exhaust"", ""rewritePoolDefIds"": []}",
C-004,"[{""op"": ""DrawCards"", ""target"": ""Self"", ""amount"": 2}]","{""outcomeWeights"": {""brick"": 0.5, ""rewrite"": 0.5}, ""brickBehavior"": ""Exhaust"", ""rewritePoolDefIds"": []}",
C-005,"[{""op"": ""DealDamage"", ""target"": ""Enemy"", ""amount"": 9}]","{""outcomeWeights"": {""brick"": 0.5, ""rewrite"": 0.5}, ""brickBehavior"": ""Exhaust"", ""rewritePoolDefIds"": []}",
C-006,"[{""op"": ""RawText"", ""text"": ""Restore 2 RAM.""}]","{""outcomeWeights"": {""brick"": 0.5, ""rewrite"": 0.5}, ""brickBehavior"": ""Exhaust"", ""rewritePoolDefIds"": []}",
C-007,"[{""op"": ""RawText"", ""text"": ""If an enemy is attacking this turn, Gain 6 Firewall and heal 5HP.""}]","{""outcomeWeights"": {""brick"": 0.5, ""rewrite"": 0.5}, ""brickBehavior"": ""Exhaust"", ""rewritePoolDefIds"": []}",
C-008,"[{""op"": ""DealDamage"", ""target"": ""Enemy"", ""amount"": 3}]","{""outcomeWeights"": {""brick"": 0.5, ""rewrite"": 0.5}, ""brickBehavior"": ""Exhaust"", ""rewritePoolDefIds"": []}",
C-009,"[{""op"": ""RawText"", ""text"": ""Enemies cannot heal this round.""}]","{""outcomeWeights"": {""brick"": 0.5, ""rewrite"": 0.5}, ""brickBehavior"": ""Exhaust"", ""rewritePoolDefIds"": []}",
C-010,"[{""op"": ""DealDamage"", ""target"": ""Enemy"", ""amount"": 2}]","{""outcomeWeights"": {""brick"": 0.5, ""rewrite"": 0.5}, ""brickBehavior"": ""Exhaust"", ""rewritePoolDefIds"": []}",
NC-001,"[{""op"": ""DealDamage"", ""target"": ""Enemy"", ""amount"": 9}]","{""outcomeWeights"": {""brick"": 0.5, ""rewrite"": 0.5}, ""brickBehavior"": ""Exhaust"", ""rewritePoolDefIds"": []}",
NC-002,"[{""op"": ""DealDamage"", ""target"": ""Enemy"", ""amount"": 5}]","{""outcomeWeights"": {""brick"": 0.5, ""rewrite"": 0.5}, ""brickBehavior"": ""Exhaust"", ""rewritePoolDefIds"": []}",
NC-003,"[{""op"": ""RawText"", ""text"": ""Gain 10 Firewall.""}]","{""outcomeWeights"": {""brick"": 0.5, ""rewrite"": 0.5}, ""brickBehavior"": ""Exhaust"", ""rewritePoolDefIds"": []}",
NC-004,"[{""op"": ""RawText"", ""text"": ""Heal 8 HP.""}]","{""outcomeWeights"": {""brick"": 0.5, ""rewrite"": 0.5}, ""brickBehavior"": ""Exhaust"", ""rewritePoolDefIds"": []}",
NC-005,"[{""op"": ""RawText"", ""text"": ""Apply 5 Corrode.""}]","{""outcomeWeights"": {""brick"": 0.5, ""rewrite"": 0.5}, ""brickBehavior"": ""Exhaust"", ""rewritePoolDefIds"": []}",
NC-006,"[{""op"": ""RawText"", ""text"": ""Apply 2 Underclock.""}]","{""outcomeWeights"": {""brick"": 0.5, ""rewrite"": 0.5}, ""brickBehavior"": ""Exhaust"", ""rewritePoolDefIds"": []}",
NC-007,"[{""op"": ""RawText"", ""text"": ""Apply 2 Exposed Ports.""}]","{""outcomeWeights"": {""brick"": 0.5, ""rewrite"": 0.5}, ""brickBehavior"": ""Exhaust"", ""rewritePoolDefIds"": []}",
NC-008,"[{""op"": ""RawText"", ""text"": ""Apply 1 Sensor Glitch.""}]","{""outcomeWeights"": {""brick"": 0.5, ""rewrite"": 0.5}, ""brickBehavior"": ""Exhaust"", ""rewritePoolDefIds"": []}",
NC-009,"[{""op"": ""RawText"", ""text"": ""Apply Target Spoof (next attack targets a random valid target).""}]","{""outcomeWeights"": {""brick"": 0.65, ""rewrite"": 0.35}, ""brickBehavior"": ""Exhaust"", ""rewritePoolDefIds"": []}",
NC-010,"[{""op"": ""RawText"", ""text"": ""Restore 3 RAM.""}]","{""outcomeWeights"": {""brick"": 0.5, ""rewrite"": 0.5}, ""brickBehavior"": ""Exhaust"", ""rewritePoolDefIds"": []}",
NC-011,"[{""op"": ""RawText"", ""text"": ""Gain 4 RAM.""}]","{""outcomeWeights"": {""brick"": 0.5, ""rewrite"": 0.5}, ""brickBehavior"": ""Exhaust"", ""rewritePoolDefIds"": []}",
NC-012,"[{""op"": ""DrawCards"", ""target"": ""Self"", ""amount"": 2}]","{""outcomeWeights"": {""brick"": 0.5, ""rewrite"": 0.5}, ""brickBehavior"": ""Exhaust"", ""rewritePoolDefIds"": []}",
NC-013,"[{""op"": ""DrawCards"", ""target"": ""Self"", ""amount"": 2}]","{""outcomeWeights"": {""brick"": 0.5, ""rewrite"": 0.5}, ""brickBehavior"": ""Exhaust"", ""rewritePoolDefIds"": []}",
NC-014,"[{""op"": ""RawText"", ""text"": ""Gain 6 Firewall. | The next card you play also grants +4 Firewall. Can be this turn or next.""}]","{""outcomeWeights"": {""brick"": 0.5, ""rewrite"": 0.5}, ""brickBehavior"": ""Exhaust"", ""rewritePoolDefIds"": []}",
NC-015,"[{""op"": ""RawText"", ""text"": ""Gain 1 Overclock.""}]","{""outcomeWeights"": {""brick"": 0.5, ""rewrite"": 0.5}, ""brickBehavior"": ""Exhaust"", ""rewritePoolDefIds"": []}",
NC-016,"[{""op"": ""RawText"", ""text"": ""Gain 8 Firewall.""}]","{""outcomeWeights"": {""brick"": 0.5, ""rewrite"": 0.5}, ""brickBehavior"": ""Exhaust"", ""rewritePoolDefIds"": []}",
NC-017,"[{""op"": ""RawText"", ""text"": ""Gain 6 Nanoflow (heal over time).""}]","{""outcomeWeights"": {""brick"": 0.5, ""rewrite"": 0.5}, ""brickBehavior"": ""Exhaust"", ""rewritePoolDefIds"": []}",
NC-018,"[{""op"": ""RawText"", ""text"": ""Apply 4 Leak.""}]","{""outcomeWeights"": {""brick"": 0.5, ""rewrite"": 0.5}, ""brickBehavior"": ""Exhaust"", ""rewritePoolDefIds"": []}",
NC-019,"[{""op"": ""DealDamage"", ""target"": ""Enemy"", ""amount"": 4}]","{""outcomeWeights"": {""brick"": 0.5, ""rewrite"": 0.5}, ""brickBehavior"": ""Exhaust"", ""rewritePoolDefIds"": []}",
NC-020,"[{""op"": ""RawText"", ""text"": ""The next card you play costs -1 RAM (minimum 0).""}]","{""outcomeWeights"": {""brick"": 0.5, ""rewrite"": 0.5}, ""brickBehavior"": ""Exhaust"", ""rewritePoolDefIds"": []}",
NC-021,"[{""op"": ""RawText"", ""text"": ""Place a card from your hand into Removed for this combat.""}]","{""outcomeWeights"": {""brick"": 0.35, ""rewrite"": 0.65}, ""brickBehavior"": ""Exhaust"", ""rewritePoolDefIds"": []}",
NC-022,"[{""op"": ""RawText"", ""text"": ""Gain 8 Firewall.""}]","{""outcomeWeights"": {""brick"": 0.5, ""rewrite"": 0.5}, ""brickBehavior"": ""Exhaust"", ""rewritePoolDefIds"": []}",
NC-023,"[{""op"": ""RawText"", ""text"": ""Lose all RAM and heal by the amount spent.""}]","{""outcomeWeights"": {""brick"": 0.5, ""rewrite"": 0.5}, ""brickBehavior"": ""Exhaust"", ""rewritePoolDefIds"": []}",
NC-024,"[{""op"": ""RawText"", ""text"": ""Lose 5HP; restore 10 RAM""}]","{""outcomeWeights"": {""brick"": 0.65, ""rewrite"": 0.35}, ""brickBehavior"": ""Exhaust"", ""rewritePoolDefIds"": []}",
NC-025,"[{""op"": ""RawText"", ""text"": ""Deal 20 damage. One-Shot (after play, place into Removed for this combat).""}, {""op"": ""DealDamage"", ""target"": ""Enemy"", ""amount"": 20}]","{""outcomeWeights"": {""brick"": 0.5, ""rewrite"": 0.5}, ""brickBehavior"": ""Exhaust"", ""rewritePoolDefIds"": []}",
NC-026,"[{""op"": ""RawText"", ""text"": ""Deal 8 damage to ALL enemies. Volatile (if in hand at end of turn, place into Removed for this combat).""}]","{""outcomeWeights"": {""brick"": 0.5, ""rewrite"": 0.5}, ""brickBehavior"": ""Exhaust"", ""rewritePoolDefIds"": []}",
NC-027,"[{""op"": ""RawText"", ""text"": ""Deal 5 damage. Draw 1. Volatile (if in hand at end of turn, place into Removed for this combat).""}, {""op"": ""DealDamage"", ""target"": ""Enemy"", ""amount"": 5}, {""op"": ""DrawCards"", ""target"": ""Self"", ""amount"": 1}]","{""outcomeWeights"": {""brick"": 0.5, ""rewrite"": 0.5}, ""brickBehavior"": ""Exhaust"", ""rewritePoolDefIds"": []}",
NC-028,"[{""op"": ""RawText"", ""text"": ""Deal 11 damage. If the enemy has any debuff, deal +6 more. One-Shot (after play, place into Removed for this combat).""}]","{""outcomeWeights"": {""brick"": 0.5, ""rewrite"": 0.5}, ""brickBehavior"": ""Exhaust"", ""rewritePoolDefIds"": []}",
NC-029,"[{""op"": ""RawText"", ""text"": ""Deal 35 damage. Lose 6 HP. One-Shot (after play, place into Removed for this combat).""}]","{""outcomeWeights"": {""brick"": 0.65, ""rewrite"": 0.35}, ""brickBehavior"": ""Exhaust"", ""rewritePoolDefIds"": []}",
NC-030,"[{""op"": ""RawText"", ""text"": ""Gain 8 Firewall. Volatile (if in hand at end of turn, place into Removed for this combat).""}]","{""outcomeWeights"": {""brick"": 0.5, ""rewrite"": 0.5}, ""brickBehavior"": ""Exhaust"", ""rewritePoolDefIds"": []}",
NC-031,"[{""op"": ""RawText"", ""text"": ""Gain 14 Firewall. One-Shot (after play, place into Removed for this combat).""}]","{""outcomeWeights"": {""brick"": 0.5, ""rewrite"": 0.5}, ""brickBehavior"": ""Exhaust"", ""rewritePoolDefIds"": []}",
NC-032,"[{""op"": ""RawText"", ""text"": ""Gain 10 Firewall. Heal 6 HP. One-Shot (after play, place into Removed for this combat).""}]","{""outcomeWeights"": {""brick"": 0.5, ""rewrite"": 0.5}, ""brickBehavior"": ""Exhaust"", ""rewritePoolDefIds"": []}",
NC-033,"[{""op"": ""RawText"", ""text"": ""Draw 2. Volatile (if in hand at end of turn, place into Removed for this combat).""}, {""op"": ""DrawCards"", ""target"": ""Self"", ""amount"": 2}]","{""outcomeWeights"": {""brick"": 0.5, ""rewrite"": 0.5}, ""brickBehavior"": ""Exhaust"", ""rewritePoolDefIds"": []}",
NC-034,"[{""op"": ""RawText"", ""text"": ""Draw 3. Discard 1. Volatile (if in hand at end of turn, place into Removed for this combat).""}]","{""outcomeWeights"": {""brick"": 0.5, ""rewrite"": 0.5}, ""brickBehavior"": ""Exhaust"", ""rewritePoolDefIds"": []}",
NC-035,"[{""op"": ""RawText"", ""text"": ""The next Attack you play this turn costs 0 RAM and deals +6 damage. One-Shot (after play, place into Removed for this combat).""}]","{""outcomeWeights"": {""brick"": 0.5, ""rewrite"": 0.5}, ""brickBehavior"": ""Exhaust"", ""rewritePoolDefIds"": []}",
NC-036,"[{""op"": ""RawText"", ""text"": ""Gain +3 RAM this turn only. At end of turn, lose 5 HP. One-Shot (after play, place into Removed for this combat).""}]","{""outcomeWeights"": {""brick"": 0.5, ""rewrite"": 0.5}, ""brickBehavior"": ""Exhaust"", ""rewritePoolDefIds"": []}",
NC-037,"[{""op"": ""RawText"", ""text"": ""Draw 1. Gain 6 Firewall. Volatile (if in hand at end of turn, place into Removed for this combat).""}, {""op"": ""DrawCards"", ""target"": ""Self"", ""amount"": 1}]","{""outcomeWeights"": {""brick"": 0.5, ""rewrite"": 0.5}, ""brickBehavior"": ""Exhaust"", ""rewritePoolDefIds"": []}",
NC-038,"[{""op"": ""RawText"", ""text"": ""Heal 12 HP. You cannot Heal again this turn. One-Shot (after play, place into Removed for this combat).""}]","{""outcomeWeights"": {""brick"": 0.5, ""rewrite"": 0.5}, ""brickBehavior"": ""Exhaust"", ""rewritePoolDefIds"": []}",
NC-039,"[{""op"": ""RawText"", ""text"": ""Discard your hand. Draw 4. One-Shot (after play, place into Removed for this combat).""}]","{""outcomeWeights"": {""brick"": 0.5, ""rewrite"": 0.5}, ""brickBehavior"": ""Exhaust"", ""rewritePoolDefIds"": []}",
NC-040,"[{""op"": ""RawText"", ""text"": ""Scry 3 (look at the top 3 cards of your draw pile; discard any number; put the rest back on top in any order).""}]","{""outcomeWeights"": {""brick"": 0.5, ""rewrite"": 0.5}, ""brickBehavior"": ""Exhaust"", ""rewritePoolDefIds"": []}",
NC-041,"[{""op"": ""RawText"", ""text"": ""Scry 2.""}]","{""outcomeWeights"": {""brick"": 0.5, ""rewrite"": 0.5}, ""brickBehavior"": ""Exhaust"", ""rewritePoolDefIds"": []}",
NC-042,"[{""op"": ""RawText"", ""text"": ""Scry 6.""}]","{""outcomeWeights"": {""brick"": 0.5, ""rewrite"": 0.5}, ""brickBehavior"": ""Exhaust"", ""rewritePoolDefIds"": []}",
NC-043,"[{""op"": ""RawText"", ""text"": ""Look at the top 5 cards of your draw pile. Put 2 back on top in any order. Discard the rest.""}]","{""outcomeWeights"": {""brick"": 0.5, ""rewrite"": 0.5}, ""brickBehavior"": ""Exhaust"", ""rewritePoolDefIds"": []}",
NC-044,"[{""op"": ""RawText"", ""text"": ""Put 1 card from your hand on top of your draw pile. Draw 2.""}, {""op"": ""DrawCards"", ""amount"": 2}]","{""outcomeWeights"": {""brick"": 0.5, ""rewrite"": 0.5}, ""brickBehavior"": ""Exhaust"", ""rewritePoolDefIds"": []}",
NC-045,"[{""op"": ""RawText"", ""text"": ""Put the leftmost card in your hand on top of your draw pile. Draw 1.""}, {""op"": ""DrawCards"", ""amount"": 1}]","{""outcomeWeights"": {""brick"": 0.5, ""rewrite"": 0.5}, ""brickBehavior"": ""Exhaust"", ""rewritePoolDefIds"": []}",
NC-046,"[{""op"": ""RawText"", ""text"": ""Choose 1 card in your discard pile. Put it on top of your draw pile.""}]","{""outcomeWeights"": {""brick"": 0.5, ""rewrite"": 0.5}, ""brickBehavior"": ""Exhaust"", ""rewritePoolDefIds"": []}",
NC-047,"[{""op"": ""RawText"", ""text"": ""Choose 1 card in your discard pile. Add it to your hand.""}]","{""outcomeWeights"": {""brick"": 0.5, ""rewrite"": 0.5}, ""brickBehavior"": ""Exhaust"", ""rewritePoolDefIds"": []}",
NC-048,"[{""op"": ""RawText"", ""text"": ""Remove up to 2 cards in your discard pile from combat (send them to Removed).""}]","{""outcomeWeights"": {""brick"": 0.35, ""rewrite"": 0.65}, ""brickBehavior"": ""Exhaust"", ""rewritePoolDefIds"": []}",
NC-049,"[{""op"": ""RawText"", ""text"": ""Search your draw pile for an Attack card. Add it to your hand. Shuffle.""}]","{""outcomeWeights"": {""brick"": 0.5, ""rewrite"": 0.5}, ""brickBehavior"": ""Exhaust"", ""rewritePoolDefIds"": []}",
NC-050,"[{""op"": ""RawText"", ""text"": ""Search your draw pile for a Support card. Add it to your hand. Shuffle.""}]","{""outcomeWeights"": {""brick"": 0.5, ""rewrite"": 0.5}, ""brickBehavior"": ""Exhaust"", ""rewritePoolDefIds"": []}",
NC-051,"[{""op"": ""RawText"", ""text"": ""Search your draw pile for a Defense card. Add it to your hand. Shuffle.""}]","{""outcomeWeights"": {""brick"": 0.5, ""rewrite"": 0.5}, ""brickBehavior"": ""Exhaust"", ""rewritePoolDefIds"": []}",
NC-052,"[{""op"": ""RawText"", ""text"": ""Search your draw pile for any card. Add it to your hand. Shuffle.""}]","{""outcomeWeights"": {""brick"": 0.65, ""rewrite"": 0.35}, ""brickBehavior"": ""Exhaust"", ""rewritePoolDefIds"": []}",
NC-053,"[{""op"": ""RawText"", ""text"": ""Shuffle your discard pile into your draw pile. Draw 1.""}, {""op"": ""DrawCards"", ""amount"": 1}]","{""outcomeWeights"": {""brick"": 0.5, ""rewrite"": 0.5}, ""brickBehavior"": ""Exhaust"", ""rewritePoolDefIds"": []}",
NC-054,"[{""op"": ""RawText"", ""text"": ""Shuffle your hand into your draw pile. Draw 5.""}, {""op"": ""DrawCards"", ""amount"": 5}]","{""outcomeWeights"": {""brick"": 0.5, ""rewrite"": 0.5}, ""brickBehavior"": ""Exhaust"", ""rewritePoolDefIds"": []}",
NC-055,"[{""op"": ""RawText"", ""text"": ""Draw 2. Discard 1.""}, {""op"": ""DrawCards"", ""amount"": 2}]","{""outcomeWeights"": {""brick"": 0.5, ""rewrite"": 0.5}, ""brickBehavior"": ""Exhaust"", ""rewritePoolDefIds"": []}",
NC-056,"[{""op"": ""RawText"", ""text"": ""Discard up to 2 cards. Then draw that many cards.""}]","{""outcomeWeights"": {""brick"": 0.5, ""rewrite"": 0.5}, ""brickBehavior"": ""Exhaust"", ""rewritePoolDefIds"": []}",
NC-057,"[{""op"": ""RawText"", ""text"": ""Look at the top card of your draw pile. You may discard it. Otherwise, draw it.""}, {""op"": ""DrawCards"", ""amount"": 1}]","{""outcomeWeights"": {""brick"": 0.5, ""rewrite"": 0.5}, ""brickBehavior"": ""Exhaust"", ""rewritePoolDefIds"": []}",
NC-058,"[{""op"": ""RawText"", ""text"": ""POWER: At the start of your turn, gain +1 RAM.""}]","{""outcomeWeights"": {""brick"": 0.5, ""rewrite"": 0.5}, ""brickBehavior"": ""Exhaust"", ""rewritePoolDefIds"": []}",
NC-059,"[{""op"": ""RawText"", ""text"": ""POWER: At the end of your turn, gain 4 Firewall.""}]","{""outcomeWeights"": {""brick"": 0.5, ""rewrite"": 0.5}, ""brickBehavior"": ""Exhaust"", ""rewritePoolDefIds"": []}",
NC-060,"[{""op"": ""RawText"", ""text"": ""POWER: Whenever you apply a Debuff, deal 3 damage to that enemy.""}]","{""outcomeWeights"": {""brick"": 0.5, ""rewrite"": 0.5}, ""brickBehavior"": ""Exhaust"", ""rewritePoolDefIds"": []}",
NC-061,"[{""op"": ""RawText"", ""text"": ""POWER: The first time you draw each turn, draw 1 additional card.""}]","{""outcomeWeights"": {""brick"": 0.5, ""rewrite"": 0.5}, ""brickBehavior"": ""Exhaust"", ""rewritePoolDefIds"": []}",
NC-062,"[{""op"": ""RawText"", ""text"": ""POWER: Whenever you gain Firewall, gain +2 additional Firewall.""}]","{""outcomeWeights"": {""brick"": 0.5, ""rewrite"": 0.5}, ""brickBehavior"": ""Exhaust"", ""rewritePoolDefIds"": []}",
NC-063,"[{""op"": ""RawText"", ""text"": ""POWER: Whenever you play an Attack, gain 1 RAM.""}]","{""outcomeWeights"": {""brick"": 0.5, ""rewrite"": 0.5}, ""brickBehavior"": ""Exhaust"", ""rewritePoolDefIds"": []}",
NC-064,"[{""op"": ""RawText"", ""text"": ""POWER: At end of turn, if you did not take damage this turn, heal 3 HP.""}]","{""outcomeWeights"": {""brick"": 0.5, ""rewrite"": 0.5}, ""brickBehavior"": ""Exhaust"", ""rewritePoolDefIds"": []}",
NC-065,"[{""op"": ""RawText"", ""text"": ""POWER: When you play a One-Shot or Volatile card, draw 1.""}]","{""outcomeWeights"": {""brick"": 0.5, ""rewrite"": 0.5}, ""brickBehavior"": ""Exhaust"", ""rewritePoolDefIds"": []}",
NC-066,"[{""op"": ""RawText"", ""text"": ""POWER: The first time each turn you deal damage, deal +6 additional damage to that target.""}]","{""outcomeWeights"": {""brick"": 0.5, ""rewrite"": 0.5}, ""brickBehavior"": ""Exhaust"", ""rewritePoolDefIds"": []}",
NC-067,"[{""op"": ""RawText"", ""text"": ""POWER: At the start of your turn, remove 1 Debuff from yourself.""}]","{""outcomeWeights"": {""brick"": 0.5, ""rewrite"": 0.5}, ""brickBehavior"": ""Exhaust"", ""rewritePoolDefIds"": []}",
NC-068,"[{""op"": ""RawText"", ""text"": ""POWER: At end of turn, you may keep 1 card in your hand (it is not discarded).""}]","{""outcomeWeights"": {""brick"": 0.5, ""rewrite"": 0.5}, ""brickBehavior"": ""Exhaust"", ""rewritePoolDefIds"": []}",
NC-069,"[{""op"": ""RawText"", ""text"": ""POWER: At end of turn, put the top card of your discard pile on top of your draw pile.""}]","{""outcomeWeights"": {""brick"": 0.5, ""rewrite"": 0.5}, ""brickBehavior"": ""Exhaust"", ""rewritePoolDefIds"": []}",
NC-070,"[{""op"": ""RawText"", ""text"": ""POWER: When you defeat an enemy, gain +10 Credits.""}]","{""outcomeWeights"": {""brick"": 0.65, ""rewrite"": 0.35}, ""brickBehavior"": ""Exhaust"", ""rewritePoolDefIds"": []}",
NC-071,"[{""op"": ""RawText"", ""text"": ""POWER: The first time an enemy intends to heal, cancel that heal.""}]","{""outcomeWeights"": {""brick"": 0.5, ""rewrite"": 0.5}, ""brickBehavior"": ""Exhaust"", ""rewritePoolDefIds"": []}",
NC-072,"[{""op"": ""RawText"", ""text"": ""POWER: At the start of your turn, if your hand is empty, draw 2.""}]","{""outcomeWeights"": {""brick"": 0.5, ""rewrite"": 0.5}, ""brickBehavior"": ""Exhaust"", ""rewritePoolDefIds"": []}",
NC-073,"[{""op"": ""RawText"", ""text"": ""Spend all remaining RAM. Deal 6 damage per RAM spent.""}]","{""outcomeWeights"": {""brick"": 0.5, ""rewrite"": 0.5}, ""brickBehavior"": ""Exhaust"", ""rewritePoolDefIds"": []}",
NC-074,"[{""op"": ""RawText"", ""text"": ""Spend all remaining RAM. Deal 3 damage to ALL enemies per RAM spent.""}]","{""outcomeWeights"": {""brick"": 0.5, ""rewrite"": 0.5}, ""brickBehavior"": ""Exhaust"", ""rewritePoolDefIds"": []}",
NC-075,"[{""op"": ""RawText"", ""text"": ""Spend all remaining RAM. Gain 5 Firewall per RAM spent.""}]","{""outcomeWeights"": {""brick"": 0.5, ""rewrite"": 0.5}, ""brickBehavior"": ""Exhaust"", ""rewritePoolDefIds"": []}",
NC-076,"[{""op"": ""RawText"", ""text"": ""Spend all remaining RAM. For each RAM spent: Deal 3 damage and gain 3 Firewall.""}]","{""outcomeWeights"": {""brick"": 0.5, ""rewrite"": 0.5}, ""brickBehavior"": ""Exhaust"", ""rewritePoolDefIds"": []}",
NC-077,"[{""op"": ""RawText"", ""text"": ""Spend all remaining RAM. Heal 2 HP per RAM spent.""}]","{""outcomeWeights"": {""brick"": 0.5, ""rewrite"": 0.5}, ""brickBehavior"": ""Exhaust"", ""rewritePoolDefIds"": []}",
NC-078,"[{""op"": ""RawText"", ""text"": ""Spend all remaining RAM. Draw 1 card per RAM spent (max 6).""}]","{""outcomeWeights"": {""brick"": 0.5, ""rewrite"": 0.5}, ""brickBehavior"": ""Exhaust"", ""rewritePoolDefIds"": []}",
NC-079,"[{""op"": ""RawText"", ""text"": ""Spend all remaining RAM. Next turn, gain 1 RAM per RAM spent.""}]","{""outcomeWeights"": {""brick"": 0.65, ""rewrite"": 0.35}, ""brickBehavior"": ""Exhaust"", ""rewritePoolDefIds"": []}",
NC-080,"[{""op"": ""RawText"", ""text"": ""Spend all remaining RAM. Add 1 temporary 'Thread' (0 RAM: Deal 2, Draw 1) to your hand per RAM spent. Threads Exhaust.""}]","{""outcomeWeights"": {""brick"": 0.5, ""rewrite"": 0.5}, ""brickBehavior"": ""Exhaust"", ""rewritePoolDefIds"": []}",
NC-081,"[{""op"": ""RawText"", ""text"": ""Spend all remaining RAM. Apply 1 stack of THROTTLED to a target enemy per RAM spent.""}]","{""outcomeWeights"": {""brick"": 0.5, ""rewrite"": 0.5}, ""brickBehavior"": ""Exhaust"", ""rewritePoolDefIds"": []}",
NC-082,"[{""op"": ""RawText"", ""text"": ""Spend all remaining RAM. Deal 4 damage per RAM spent. If the target has any debuff, gain 1 RAM back per 2 RAM spent (rounded down).""}]","{""outcomeWeights"": {""brick"": 0.5, ""rewrite"": 0.5}, ""brickBehavior"": ""Exhaust"", ""rewritePoolDefIds"": []}",
NC-083,"[{""op"": ""RawText"", ""text"": ""Spend all remaining RAM. Gain 7 Firewall per RAM spent. At end of turn, lose 1 HP per RAM spent.""}]","{""outcomeWeights"": {""brick"": 0.5, ""rewrite"": 0.5}, ""brickBehavior"": ""Exhaust"", ""rewritePoolDefIds"": []}",
NC-084,"[{""op"": ""RawText"", ""text"": ""Spend all remaining RAM. Remove (Exhaust) 1 random non-core card from your hand per RAM spent. Draw that many cards.""}]","{""outcomeWeights"": {""brick"": 0.65, ""rewrite"": 0.35}, ""brickBehavior"": ""Exhaust"", ""rewritePoolDefIds"": []}",
NC-085,"[{""op"": ""RawText"", ""text"": ""No effect. At end of turn: place this into Removed (auto-purged).""}]","{""outcomeWeights"": {""brick"": 0.2, ""rewrite"": 0.8}, ""brickBehavior"": ""Exhaust"", ""rewritePoolDefIds"": []}",
NC-086,"[{""op"": ""RawText"", ""text"": ""At end of turn: take 2 damage. Then place this into Discard.""}]","{""outcomeWeights"": {""brick"": 0.2, ""rewrite"": 0.8}, ""brickBehavior"": ""Exhaust"", ""rewritePoolDefIds"": []}",
NC-087,"[{""op"": ""RawText"", ""text"": ""Unplayable. If drawn: take 1 damage. (Stays in deck unless removed.)""}]","{""outcomeWeights"": {""brick"": 0.8, ""rewrite"": 0.2}, ""brickBehavior"": ""Exhaust"", ""rewritePoolDefIds"": []}",
NC-088,"[{""op"": ""RawText"", ""text"": ""While in hand: enemies deal +1 damage to you. At end of turn: discard this.""}]","{""outcomeWeights"": {""brick"": 0.2, ""rewrite"": 0.8}, ""brickBehavior"": ""Exhaust"", ""rewritePoolDefIds"": []}",
NC-089,"[{""op"": ""RawText"", ""text"": ""At start of your turn: lose 1 RAM this turn only. Then discard this.""}]","{""outcomeWeights"": {""brick"": 0.2, ""rewrite"": 0.8}, ""brickBehavior"": ""Exhaust"", ""rewritePoolDefIds"": []}",
NC-090,"[{""op"": ""RawText"", ""text"": ""If you play a card while this is in hand: take 2 damage, then discard this.""}]","{""outcomeWeights"": {""brick"": 0.2, ""rewrite"": 0.8}, ""brickBehavior"": ""Exhaust"", ""rewritePoolDefIds"": []}",
NC-091,"[{""op"": ""RawText"", ""text"": ""Unplayable. End of turn: lose 4 Firewall (if any), then discard this.""}]","{""outcomeWeights"": {""brick"": 0.2, ""rewrite"": 0.8}, ""brickBehavior"": ""Exhaust"", ""rewritePoolDefIds"": []}",
NC-092,"[{""op"": ""RawText"", ""text"": ""Unplayable. When drawn: discard a random card from hand.""}]","{""outcomeWeights"": {""brick"": 0.2, ""rewrite"": 0.8}, ""brickBehavior"": ""Exhaust"", ""rewritePoolDefIds"": []}",
NC-093,"[{""op"": ""DealDamage"", ""target"": ""Enemy"", ""amount"": 9}, {""op"": ""RawText"", ""text"": ""Add 1 Malware Stub into your Discard.""}]","{""outcomeWeights"": {""brick"": 0.5, ""rewrite"": 0.5}, ""brickBehavior"": ""Exhaust"", ""rewritePoolDefIds"": []}",
NC-094,"[{""op"": ""RawText"", ""text"": ""Add 1 Trace Beacon into your Discard. Gain 8 Firewall.""}]","{""outcomeWeights"": {""brick"": 0.5, ""rewrite"": 0.5}, ""brickBehavior"": ""Exhaust"", ""rewritePoolDefIds"": []}",
NC-095,"[{""op"": ""RawText"", ""text"": ""Deal 5 damage to ALL enemies. Add 1 Overheat into your Discard.""}]","{""outcomeWeights"": {""brick"": 0.5, ""rewrite"": 0.5}, ""brickBehavior"": ""Exhaust"", ""rewritePoolDefIds"": []}",
NC-096,"[{""op"": ""DrawCards"", ""target"": ""Self"", ""amount"": 3}, {""op"": ""RawText"", ""text"": ""Add 1 Corrupted Sector into your Discard.""}]","{""outcomeWeights"": {""brick"": 0.5, ""rewrite"": 0.5}, ""brickBehavior"": ""Exhaust"", ""rewritePoolDefIds"": []}",
NC-097,"[{""op"": ""DrawCards"", ""target"": ""Self"", ""amount"": 2}, {""op"": ""RawText"", ""text"": ""Add 2 Dazed Packets into your Discard.""}]","{""outcomeWeights"": {""brick"": 0.5, ""rewrite"": 0.5}, ""brickBehavior"": ""Exhaust"", ""rewritePoolDefIds"": []}",
NC-098,"[{""op"": ""RawText"", ""text"": ""Heal 8 HP. Add 1 Burn Stack into your Discard.""}]","{""outcomeWeights"": {""brick"": 0.5, ""rewrite"": 0.5}, ""brickBehavior"": ""Exhaust"", ""rewritePoolDefIds"": []}",
NC-099,"[{""op"": ""RawText"", ""text"": ""Remove up to 2 Status/Junk cards from your hand or discard (place into Removed). Draw 1.""}, {""op"": ""DrawCards"", ""target"": ""Self"", ""amount"": 1}]","{""outcomeWeights"": {""brick"": 0.35, ""rewrite"": 0.65}, ""brickBehavior"": ""Exhaust"", ""rewritePoolDefIds"": []}",
NC-100,"[{""op"": ""RawText"", ""text"": ""Gain 18 Firewall. If you have any Status/Junk in hand, place 1 of them into Removed.""}]","{""outcomeWeights"": {""brick"": 0.35, ""rewrite"": 0.65}, ""brickBehavior"": ""Exhaust"", ""rewritePoolDefIds"": []}",
NC-101,"[{""op"": ""RawText"", ""text"": ""Remove 1 Status/Junk from your Discard (place into Removed). Heal 6 HP. Restore 2 RAM.""}]","{""outcomeWeights"": {""brick"": 0.35, ""rewrite"": 0.65}, ""brickBehavior"": ""Exhaust"", ""rewritePoolDefIds"": []}",
NC-102,"[{""op"": ""RawText"", ""text"": ""Place ALL Status/Junk cards in your hand into Removed. Then draw that many cards.""}]","{""outcomeWeights"": {""brick"": 0.5, ""rewrite"": 0.5}, ""brickBehavior"": ""Exhaust"", ""rewritePoolDefIds"": []}",
UC-001,"[{""op"": ""DealDamage"", ""target"": ""Enemy"", ""amount"": 18}]","{""outcomeWeights"": {""brick"": 0.5, ""rewrite"": 0.5}, ""brickBehavior"": ""Exhaust"", ""rewritePoolDefIds"": []}",
UC-002,"[{""op"": ""DealDamage"", ""target"": ""Enemy"", ""amount"": 12}]","{""outcomeWeights"": {""brick"": 0.5, ""rewrite"": 0.5}, ""brickBehavior"": ""Exhaust"", ""rewritePoolDefIds"": []}",
UC-003,"[{""op"": ""RawText"", ""text"": ""Gain 18 Firewall.""}]","{""outcomeWeights"": {""brick"": 0.5, ""rewrite"": 0.5}, ""brickBehavior"": ""Exhaust"", ""rewritePoolDefIds"": []}",
UC-004,"[{""op"": ""RawText"", ""text"": ""Gain 12 Firewall. | Next turn, gain 6 Firewall.""}]","{""outcomeWeights"": {""brick"": 0.5, ""rewrite"": 0.5}, ""brickBehavior"": ""Exhaust"", ""rewritePoolDefIds"": []}",
UC-005,"[{""op"": ""RawText"", ""text"": ""Heal 18 HP.""}]","{""outcomeWeights"": {""brick"": 0.5, ""rewrite"": 0.5}, ""brickBehavior"": ""Exhaust"", ""rewritePoolDefIds"": []}",
UC-006,"[{""op"": ""RawText"", ""text"": ""Gain 14 Nanoflow.""}]","{""outcomeWeights"": {""brick"": 0.5, ""rewrite"": 0.5}, ""brickBehavior"": ""Exhaust"", ""rewritePoolDefIds"": []}",
UC-007,"[{""op"": ""RawText"", ""text"": ""Gain 4 RAM.""}]","{""outcomeWeights"": {""brick"": 0.5, ""rewrite"": 0.5}, ""brickBehavior"": ""Exhaust"", ""rewritePoolDefIds"": []}",
UC-008,"[{""op"": ""DealDamage"", ""target"": ""Enemy"", ""amount"": 5}]","{""outcomeWeights"": {""brick"": 0.5, ""rewrite"": 0.5}, ""brickBehavior"": ""Exhaust"", ""rewritePoolDefIds"": []}",
UC-009,"[{""op"": ""RawText"", ""text"": ""Apply 12 Corrode.""}]","{""outcomeWeights"": {""brick"": 0.5, ""rewrite"": 0.5}, ""brickBehavior"": ""Exhaust"", ""rewritePoolDefIds"": []}",
UC-010,"[{""op"": ""RawText"", ""text"": ""Apply 3 Sensor Glitch.""}]","{""outcomeWeights"": {""brick"": 0.65, ""rewrite"": 0.35}, ""brickBehavior"": ""Exhaust"", ""rewritePoolDefIds"": []}",
UC-011,"[{""op"": ""RawText"", ""text"": ""Apply Target Spoof to all enemies.""}]","{""outcomeWeights"": {""brick"": 0.8, ""rewrite"": 0.2}, ""brickBehavior"": ""Exhaust"", ""rewritePoolDefIds"": []}",
UC-012,"[{""op"": ""RawText"", ""text"": ""Gain 2 Overclock. | Gain 2 RAM.""}]","{""outcomeWeights"": {""brick"": 0.5, ""rewrite"": 0.5}, ""brickBehavior"": ""Exhaust"", ""rewritePoolDefIds"": []}",
UC-013,"[{""op"": ""RawText"", ""text"": ""Apply 3 Underclock.""}]","{""outcomeWeights"": {""brick"": 0.5, ""rewrite"": 0.5}, ""brickBehavior"": ""Exhaust"", ""rewritePoolDefIds"": []}",
UC-014,"[{""op"": ""RawText"", ""text"": ""Select a card in your hand; place it into Removed for this combat.""}]","{""outcomeWeights"": {""brick"": 0.35, ""rewrite"": 0.65}, ""brickBehavior"": ""Exhaust"", ""rewritePoolDefIds"": []}",
UC-015,"[{""op"": ""RawText"", ""text"": ""Until end of turn, ignore a random negative mutation trigger on the next card played.""}]","{""outcomeWeights"": {""brick"": 0.65, ""rewrite"": 0.35}, ""brickBehavior"": ""Exhaust"", ""rewritePoolDefIds"": []}",
UC-016,"[{""op"": ""RawText"", ""text"": ""If played, gain 15 Credits after this combat. Can stack.""}]","{""outcomeWeights"": {""brick"": 0.65, ""rewrite"": 0.35}, ""brickBehavior"": ""Exhaust"", ""rewritePoolDefIds"": []}",
R-001,"[{""op"": ""DealDamage"", ""target"": ""Enemy"", ""amount"": 30}]","{""outcomeWeights"": {""brick"": 0.5, ""rewrite"": 0.5}, ""brickBehavior"": ""Exhaust"", ""rewritePoolDefIds"": []}",
R-002,"[{""op"": ""RawText"", ""text"": ""Gain 35 Firewall.""}]","{""outcomeWeights"": {""brick"": 0.5, ""rewrite"": 0.5}, ""brickBehavior"": ""Exhaust"", ""rewritePoolDefIds"": []}",
R-003,"[{""op"": ""RawText"", ""text"": ""Heal 25 HP. | Next turn, gain 3 RAM.""}]","{""outcomeWeights"": {""brick"": 0.5, ""rewrite"": 0.5}, ""brickBehavior"": ""Exhaust"", ""rewritePoolDefIds"": []}",
R-004,"[{""op"": ""RawText"", ""text"": ""For the rest of this turn, playing cards does not consume RAM.""}]","{""outcomeWeights"": {""brick"": 0.8, ""rewrite"": 0.2}, ""brickBehavior"": ""Exhaust"", ""rewritePoolDefIds"": []}",
R-005,"[{""op"": ""RawText"", ""text"": ""Double your current RAM (up to your max) for this turn.""}]","{""outcomeWeights"": {""brick"": 0.65, ""rewrite"": 0.35}, ""brickBehavior"": ""Exhaust"", ""rewritePoolDefIds"": []}",
R-006,"[{""op"": ""RawText"", ""text"": ""Discard your hand. | Gain RAM equal to the discarded cards' total RAM costs.""}]","{""outcomeWeights"": {""brick"": 0.5, ""rewrite"": 0.5}, ""brickBehavior"": ""Exhaust"", ""rewritePoolDefIds"": []}",
R-007,"[{""op"": ""RawText"", ""text"": ""Swap one mutation on this card with a mutation on another card in your hand. | This change is reverted at end of combat.""}]","{""outcomeWeights"": {""brick"": 0.5, ""rewrite"": 0.5}, ""brickBehavior"": ""Exhaust"", ""rewritePoolDefIds"": []}",
R-008,"[{""op"": ""RawText"", ""text"": ""Select another card in your hand; reduce its mutation counter by this card's RAM cost.""}]","{""outcomeWeights"": {""brick"": 0.65, ""rewrite"": 0.35}, ""brickBehavior"": ""Exhaust"", ""rewritePoolDefIds"": []}",
R-009,"[{""op"": ""RawText"", ""text"": ""Reduce mutation progress on a chosen card by 5. | Add +5 mutation progress to this card.""}]","{""outcomeWeights"": {""brick"": 0.5, ""rewrite"": 0.5}, ""brickBehavior"": ""Exhaust"", ""rewritePoolDefIds"": []}",
R-010,"[{""op"": ""DealDamage"", ""target"": ""Enemy"", ""amount"": 10}]","{""outcomeWeights"": {""brick"": 0.65, ""rewrite"": 0.35}, ""brickBehavior"": ""Exhaust"", ""rewritePoolDefIds"": []}",
P-001,"[{""op"": ""RawText"", ""text"": ""Remove the weakest enemy from combat. | The strongest enemy gains the removed enemy's max HP, attack cards, and gains 2 Overclock.""}]","{""outcomeWeights"": {""brick"": 0.8, ""rewrite"": 0.2}, ""brickBehavior"": ""Exhaust"", ""rewritePoolDefIds"": []}",
P-002,"[{""op"": ""RawText"", ""text"": ""Remove the strongest enemy from combat. | Distribute its current HP evenly among remaining enemies; apply 2 Sensor Glitch to all enemies.""}]","{""outcomeWeights"": {""brick"": 0.8, ""rewrite"": 0.2}, ""brickBehavior"": ""Exhaust"", ""rewritePoolDefIds"": []}",
P-003,"[{""op"": ""RawText"", ""text"": ""Steal 1 random enemy card for this combat (it enters your hand).""}]","{""outcomeWeights"": {""brick"": 0.35, ""rewrite"": 0.65}, ""brickBehavior"": ""Exhaust"", ""rewritePoolDefIds"": []}",
P-004,"[{""op"": ""RawText"", ""text"": ""Steal 1 random enemy card for this combat (it enters your hand). | If stolen card is an Attack, apply 1 Target Spoof to the enemy that played it.""}]","{""outcomeWeights"": {""brick"": 0.35, ""rewrite"": 0.65}, ""brickBehavior"": ""Exhaust"", ""rewritePoolDefIds"": []}",
P-005,"[{""op"": ""RawText"", ""text"": ""No effect.""}]","{""outcomeWeights"": {""brick"": 0.2, ""rewrite"": 0.8}, ""brickBehavior"": ""Exhaust"", ""rewritePoolDefIds"": []}",
P-006,"[{""op"": ""RawText"", ""text"": ""When this card triggers a mutation event, trigger TWO mutations instead of one. | Double first mutation for free, add +1 RAM to cost to roll a different second mutation""}]","{""outcomeWeights"": {""brick"": 0.65, ""rewrite"": 0.35}, ""brickBehavior"": ""Exhaust"", ""rewritePoolDefIds"": []}",
P-007,"[{""op"": ""RawText"", ""text"": ""Gain +6 RAM.""}]","{""outcomeWeights"": {""brick"": 0.5, ""rewrite"": 0.5}, ""brickBehavior"": ""Exhaust"", ""rewritePoolDefIds"": []}",
P-008,"[{""op"": ""DealDamage"", ""target"": ""Enemy"", ""amount"": 25}]","{""outcomeWeights"": {""brick"": 0.5, ""rewrite"": 0.5}, ""brickBehavior"": ""Exhaust"", ""rewritePoolDefIds"": []}",
P-009,"[{""op"": ""RawText"", ""text"": ""Heal 30 HP.""}]","{""outcomeWeights"": {""brick"": 0.5, ""rewrite"": 0.5}, ""brickBehavior"": ""Exhaust"", ""rewritePoolDefIds"": []}",
P-010,"[{""op"": ""RawText"", ""text"": ""Gain 35 Firewall.""}]","{""outcomeWeights"": {""brick"": 0.5, ""rewrite"": 0.5}, ""brickBehavior"": ""Exhaust"", ""rewritePoolDefIds"": []}",
P-011,"[{""op"": ""RawText"", ""text"": ""No effect; mutates after first use, then second, fourth, eighth, sixteenth, etc. 32nd use will J-Brick.""}]","{""outcomeWeights"": {""brick"": 0.5, ""rewrite"": 0.5}, ""brickBehavior"": ""Exhaust"", ""rewritePoolDefIds"": []}",
P-012,"[{""op"": ""RawText"", ""text"": ""No effect; mutates on every prime number. Bricks on 53rd use.""}]","{""outcomeWeights"": {""brick"": 0.5, ""rewrite"": 0.5}, ""brickBehavior"": ""Exhaust"", ""rewritePoolDefIds"": []}",
P-013,"[{""op"": ""RawText"", ""text"": ""Restore all health immediately.""}]","{""outcomeWeights"": {""brick"": 0.5, ""rewrite"": 0.5}, ""brickBehavior"": ""Exhaust"", ""rewritePoolDefIds"": []}",
P-014,"[{""op"": ""RawText"", ""text"": ""Restore all RAM immediately. Low-tier mutations each turn; bricks quickly.""}]","{""outcomeWeights"": {""brick"": 0.5, ""rewrite"": 0.5}, ""brickBehavior"": ""Exhaust"", ""rewritePoolDefIds"": []}",
P-015,"[{""op"": ""DealDamage"", ""target"": ""Enemy"", ""amount"": 25}]","{""outcomeWeights"": {""brick"": 0.5, ""rewrite"": 0.5}, ""brickBehavior"": ""Exhaust"", ""rewritePoolDefIds"": []}",
